Name; Median Time; Min Time; Max Time; Median Frame Index; Min Frame Index; Max Frame Index; Min Depth; Max Depth; Total Time; Mean Time; Time Lower Quartile; Time Upper Quartile; Count Total; Count Median; Count Min; Count Max; Number of frames containing Marker; First Frame Index; Time Min Individual; Time Max Individual; Min Individual Frame; Max Individual Frame; Time at Median Frame
"PlayerLoop";1.492917;0.320125;16.60908;86;267;253;1;1;449.907738465758;1.504708;1.289916;1.700124;897;3;3;3;299;1;0;16.44421;1;253;1.5835
"Gfx.WaitForPresentOnGfxThread";1.175834;8.4E-05;16.16221;89;267;253;2;2;363.093287926211;1.214359;0.998083;1.372791;299;1;1;1;299;1;8.4E-05;16.16221;267;253;1.279708
"Semaphore.WaitForSignal";1.175584;4.2E-05;16.16063;89;252;253;3;3;362.994085418351;1.214027;0.99775;1.3725;299;1;1;1;299;1;4.2E-05;16.16063;252;253;1.279375
"EditorLoop";0.754791;0.418166;21.38733;211;288;252;1;1;263.279129453003;0.8805322;0.651791;0.8661671;897;3;3;3;299;1;0.05975;19.12721;265;252;0.651791
"Profiler.FlushCounters";0.1355;0.080208;0.396958;221;294;251;1;1;45.0520939305425;0.1506759;0.1195;0.176208;299;1;1;1;299;1;0.080208;0.396958;294;251;0.124666
"Profiler.FlushMemoryCounters";0.123416;0.072166;0.368209;240;294;251;2;2;40.9864888116717;0.1370786;0.107583;0.161417;299;1;1;1;299;1;0.072166;0.368209;294;251;0.112166
"Camera.Render";0.088375;0.05;0.164375;179;286;108;2;2;26.9123859070241;0.09000798;0.078083;0.102625;299;1;1;1;299;1;0.05;0.164375;286;108;0.095
"TextRendering.Cleanup";0.068046;0.013752;0.110413;110;288;298;4;4;0.192210999637609;0.06407034;0.013752;0.068046;227;44;13;170;3;110;0.000334;0.004667;298;110;0
"Update.ScriptRunBehaviourUpdate";0.049166;0.028542;0.110083;121;290;252;2;2;15.0136669352651;0.05021293;0.043041;0.05525;299;1;1;1;299;1;0.028542;0.110083;290;252;0.0535
"BehaviourUpdate";0.048917;0.028458;0.109084;3;290;252;3;3;14.9314569719136;0.04993798;0.042834;0.054958;299;1;1;1;299;1;0.028458;0.109084;290;252;0.053291
"Culling";0.043833;0.0225;0.094667;112;286;89;3;3;13.6030069813132;0.04549501;0.038334;0.051917;299;1;1;1;299;1;0.0225;0.094667;286;89;0.055292
"UnityEngine.UI.dll!UnityEngine.EventSystems::EventSystem.Update() [Invoke]";0.037292;0.021375;0.079583;235;290;252;4;4;11.2789609730244;0.03772228;0.032875;0.041291;299;1;1;1;299;1;0.021375;0.079583;290;252;0.0405
"SceneCulling";0.031542;0.015208;0.080166;85;286;89;4;4;10.1322489324957;0.03388712;0.027125;0.039375;299;1;1;1;299;1;0.015208;0.080166;286;89;0.045875
"Profiler.CollectEditorStats";0.018542;0.006625;0.088833;63;280;97;1;1;7.09062898112461;0.02371448;0.014292;0.0275;299;1;1;1;299;1;0.006625;0.088833;280;97;0.024042
"Profiler.CollectUIStats";0.016792;0.005958;0.084541;183;280;97;2;2;6.41513298079371;0.02145529;0.01275;0.024334;299;1;1;1;299;1;0.005958;0.084541;280;97;0.023166
"PostLateUpdate.UpdateAudio";0.016292;0.008417;0.0565;194;290;244;2;2;5.40770097542554;0.01808596;0.014208;0.020416;299;1;1;1;299;1;0.008417;0.0565;290;244;0.017458
"AudioManager.Update";0.015958;0.008209;0.056208;38;290;244;3;3;5.31636496819556;0.01778048;0.013916;0.020042;299;1;1;1;299;1;0.008209;0.056208;290;244;0.017209
"Drawing";0.015417;0.009125;0.046458;124;294;46;3;3;4.73455298971385;0.01583463;0.013334;0.017792;299;1;1;1;299;1;0.009125;0.046458;294;46;0.014125
"UGUI.Rendering.RenderOverlays";0.011625;0.006375;0.024875;44;284;252;2;2;3.55537699395791;0.01189089;0.009458;0.013958;299;1;1;1;299;1;0.006375;0.024875;284;252;0.011458
"PostLateUpdate.PlayerUpdateCanvases";0.011625;0.006666;0.054292;233;294;55;2;2;3.65733699360862;0.0122319;0.010291;0.013209;299;1;1;1;299;1;0.006666;0.054292;294;55;0.012292
"CullSendEvents";0.0115;0.001791;0.055541;176;282;149;5;5;4.24900300044101;0.01421071;0.007875;0.017333;299;1;1;1;299;1;0.001791;0.055541;282;149;0.028541
"Canvas.RenderOverlays";0.011125;0.006;0.023875;69;284;252;3;3;3.38345899432898;0.01131592;0.009;0.013167;299;1;1;1;299;1;0.006;0.023875;284;252;0.010958
"UIEvents.WillRenderCanvases";0.010875;0.006167;0.053459;251;294;55;3;3;3.43686499074101;0.01149453;0.009584;0.012375;299;1;1;1;299;1;0.006167;0.053459;294;55;0.011458
"UGUI.Rendering.UpdateBatches";0.010792;0.006125;0.053375;133;294;55;4;4;3.40723899099976;0.01139545;0.0095;0.012291;299;1;1;1;299;1;0.006125;0.053375;294;55;0.011333
"PreUpdate.SendMouseEvents";0.01075;0.00625;0.038083;198;294;238;2;2;3.35433899471536;0.01121853;0.009417;0.012292;299;1;1;1;299;1;0.00625;0.038083;294;238;0.011583
"Monobehaviour.OnMouse_";0.010667;0.006209;0.038;235;294;238;3;3;3.34257899550721;0.01117919;0.009416;0.012291;299;1;1;1;299;1;0.006209;0.038;294;238;0.011541
"UnityEngine.InputLegacyModule.dll!UnityEngine::SendMouseEvents.DoSendMouseEvents() [Invoke]";0.01025;0.005916;0.037583;203;290;238;4;4;3.19188199238852;0.01067519;0.009;0.011709;299;1;1;1;299;1;0.005916;0.037583;290;238;0.011
"WaitForJobGroupID";0.009375;0.000541;0.054125;5;282;149;4;6;3.60775699545047;0.01210657;0.006042;0.015083;688;2;1;3;298;1;0.000125;0.047208;198;149;0.026542
"CullAllVisibleLights";0.008917;0.0045;0.022625;160;288;118;5;5;2.87536899745464;0.009616619;0.007291;0.011334;299;1;1;1;299;1;0.0045;0.022625;288;118;0.00675
"EarlyUpdate.PollPlayerConnection";0.008458;0.00325;0.044958;33;260;64;2;2;2.85132899414748;0.009536217;0.006709;0.011166;299;1;1;1;299;1;0.00325;0.044958;260;64;0.008291
"Material.SetPassFast";0.008458;0.004958;0.018417;70;285;142;4;5;2.67878599150572;0.008959151;0.007334;0.010458;897;3;3;3;299;1;0.001042;0.0145;292;142;0.007459
"Profiler.FlushCountersWithFlushOnEndOfFrame";0.0075;0.003417;0.026458;96;259;202;2;2;2.276117997244;0.007612435;0.006333;0.0085;299;1;1;1;299;1;0.003417;0.026458;259;202;0.005625
"UnityEngine.UIModule.dll!UnityEngine::Canvas.SendWillRenderCanvases() [Invoke]";0.006083;0.003542;0.045625;82;298;55;5;5;1.85082899895497;0.006190063;0.005542;0.006583;299;1;1;1;299;1;0.003542;0.045625;298;55;0.006583
"Audio.FMODSystemUpdate";0.006;0.002708;0.019167;66;290;85;4;4;2.01174700492993;0.006728251;0.004916;0.007875;299;1;1;1;299;1;0.002708;0.019167;290;85;0.005917
"EditorConnection.PollAllCustomMessages";0.006;0.002333;0.042417;161;260;64;3;3;2.11300299456343;0.007066899;0.004875;0.008459;299;1;1;1;299;1;0.002333;0.042417;260;64;0.005666
"Camera.ImageEffects";0.006;0.003583;0.012958;156;286;108;3;4;1.90178299332183;0.006360478;0.005291;0.007374;598;2;2;2;299;1;0;0.012667;58;108;0.005458
"FixedUpdate.PhysicsFixedUpdate";0.005584;0.002917;0.021583;83;151;134;2;2;0.261832999996841;0.006890342;0.004542;0.00875;38;1;1;1;38;6;0.002917;0.021583;151;134;0.005083
"Graphics.Blit";0.005042;0.003083;0.010709;160;286;3;4;4;1.60312199383043;0.005361612;0.0045;0.006208;299;1;1;1;299;1;0.003083;0.010709;286;3;0.004666
"Profiler.CollectLegacyStats";0.004959;0.00275;0.021209;43;275;171;2;2;1.68786899396218;0.005645047;0.00425;0.006167;299;1;1;1;299;1;0.00275;0.021209;275;171;0.006584
"Unity.RenderPipelines.Core.Runtime.dll!UnityEngine.Rendering::DebugUpdater.Update() [Invoke]";0.004958;0.002833;0.016333;30;289;60;4;4;1.54274999327026;0.005159699;0.004333;0.005625;299;1;1;1;299;1;0.002833;0.016333;289;60;0.006083
"CullResults.CreateSharedRendererScene";0.004666;0.002417;0.010333;209;293;108;3;3;1.46794799319468;0.004909525;0.00375;0.006;299;1;1;1;299;1;0.002417;0.010333;293;108;0.004375
"Camera.RenderSkybox";0.004541;0.0025;0.010708;194;295;108;4;4;1.39062199671753;0.00465091;0.003917;0.005208;299;1;1;1;299;1;0.0025;0.010708;295;108;0.004084
"Render.OpaqueGeometry";0.004;0.002125;0.023625;227;265;67;4;4;1.2931619968731;0.004324956;0.003375;0.005042;299;1;1;1;299;1;0.002125;0.023625;265;67;0.003375
"Shadows.CullDirectionalShadowCasters";0.003625;0.001542;0.0125;86;287;178;6;6;1.18633899476845;0.003967689;0.00275;0.0045;299;1;1;1;299;1;0.001542;0.0125;287;178;0.002208
"Profiler.CollectPhysicsStats";0.003584;0.002208;0.007041;71;282;119;3;3;0.151330998865888;0.003982395;0.003166;0.004959;38;1;1;1;38;6;0.002208;0.007041;282;119;0.003084
"Audibility computation";0.003375;0.001458;0.016625;193;289;85;5;5;1.13078399270307;0.003781886;0.002708;0.004541;299;1;1;1;299;1;0.001458;0.016625;289;85;0.002959
"UGUI.Rendering.EmitWorldScreenspaceCameraGeometry";0.003334;0.001709;0.015458;81;279;176;2;3;1.09108600136824;0.003649117;0.002791;0.004042;598;2;2;2;299;1;4.2E-05;0.015208;19;176;0.003125
"PrepareSceneNodes";0.00325;0.001625;0.032833;113;269;187;5;5;1.10333899362013;0.003690097;0.002625;0.004084;299;1;1;1;299;1;0.001625;0.032833;269;187;0.00275
"AudioSource.Update";0.003083;0.001666;0.019459;232;290;132;4;4;1.08374399936292;0.003624562;0.002625;0.004208;299;1;1;1;299;1;0.001666;0.019459;290;132;0.003333
"UIEvents.UIElementsRegisterRenderers";0.002833;0.001418;0.015;153;279;176;3;4;0.942549000217696;0.003152338;0.002334;0.0035;598;2;2;2;299;1;0;0.014916;9;176;0.002708
"PreLateUpdate.ScriptRunBehaviourLateUpdate";0.002791;0.0015;0.009333;243;287;47;2;2;0.904379994957708;0.003024682;0.002458;0.003334;299;1;1;1;299;1;0.0015;0.009333;287;47;0.003167
"LateBehaviourUpdate";0.002667;0.001459;0.009167;3;287;47;3;3;0.864839996211231;0.002892441;0.002333;0.003208;299;1;1;1;299;1;0.001459;0.009167;287;47;0.003083
"PreLateUpdate.ParticleSystemBeginUpdateAll";0.002625;0.0015;0.007917;203;276;244;2;2;0.837837994797155;0.002802134;0.00225;0.003209;299;1;1;1;299;1;0.0015;0.007917;276;244;0.002833
"ParticleSystem.Update";0.002583;0.001458;0.007583;35;276;252;3;3;0.81817499443423;0.002736371;0.002209;0.003125;299;1;1;1;299;1;0.001458;0.007583;276;252;0.00275
"UnityEngine.UIModule.dll!UnityEngine::Canvas.SendPreWillRenderCanvases() [Invoke]";0.002541;0.001417;0.012083;127;285;30;5;5;0.840367995784618;0.002810595;0.002208;0.003;299;1;1;1;299;1;0.001417;0.012083;285;30;0.00275
"RenderForwardOpaque.Render";0.002375;0.001208;0.022208;177;265;67;5;5;0.760840996401384;0.002544619;0.001959;0.002834;299;1;1;1;299;1;0.001208;0.022208;265;67;0.002125
"UnityEngine.UIElementsModule.dll!UnityEngine.UIElements.UIR::Utility.RaiseRegisterIntermediateRenderers() [Invoke]";0.002167;0.000959;0.014;218;279;176;4;4;0.730998994724359;0.002444813;0.001791;0.002708;299;1;1;1;299;1;0.000959;0.014;279;176;0.002125
"Audibility computation clear";0.001917;0.0005;0.015042;163;290;85;6;6;0.658923996437807;0.002203759;0.001333;0.002708;299;1;1;1;299;1;0.0005;0.015042;290;85;0.001458
"UpdateScreenManagerAndInput";0.001916;0.001;0.01325;207;266;244;2;2;0.641962998895906;0.002147033;0.001708;0.002125;299;1;1;1;299;1;0.001;0.01325;266;244;0.002375
"Profiler.CollectAudioStats";0.001875;0.000876;0.014126;11;288;98;3;3;0.67520500041428;0.002258211;0.001542;0.002417;598;2;2;2;299;1;0.000375;0.010417;54;98;0.001875
"Layout";0.001875;0.001083;0.003958;111;292;43;6;6;0.554624999756925;0.001854933;0.001667;0.002041;299;1;1;1;299;1;0.001083;0.003958;292;43;0.002084
"FrameEvents.NewInputBeforeRenderUpdate";0.001834;0.001084;0.011333;51;288;277;2;2;0.553957000258379;0.001852699;0.001709;0.002;299;1;1;1;299;1;0.001084;0.011333;288;277;0.002042
"UnityEngine.CoreModule.dll!UnityEngine.Experimental.Rendering::ScriptableRuntimeReflectionSystemWrapper.Internal_ScriptableRuntimeReflectionSystemWrapper_TickRealtimeProbes() [Invoke]";0.001833;0.001;0.011084;22;259;108;2;2;0.58157999755349;0.001945084;0.0015;0.00225;299;1;1;1;299;1;0.001;0.011084;259;108;0.001834
"DestroyCullResults";0.001792;0.000917;0.00625;117;284;59;3;3;0.564841996936593;0.001889104;0.001459;0.002208;299;1;1;1;299;1;0.000917;0.00625;284;59;0.002041
"FixedUpdate.AudioFixedUpdate";0.001792;0.000792;0.00425;197;295;77;2;2;0.0777519995463081;0.002046105;0.001459;0.0025;38;1;1;1;38;6;0.000792;0.00425;295;77;0.001625
"PostLateUpdate.MemoryFrameMaintenance";0.00175;0.000833;0.010083;113;289;24;2;2;0.574743998178747;0.001922221;0.001416;0.00225;299;1;1;1;299;1;0.000833;0.010083;289;24;0.001625
"UnityEngine.IMGUIModule.dll!UnityEngine::GUIUtility.SetSkin() [Invoke]";0.00175;0.000958;0.008875;250;277;244;2;2;0.594739997584838;0.001989097;0.001583;0.002;299;1;1;1;299;1;0.000958;0.008875;277;244;0.001792
"AudioManager.FixedUpdate";0.001667;0.00075;0.004208;197;295;77;3;3;0.0727929994463921;0.001915605;0.001416;0.002292;38;1;1;1;38;6;0.00075;0.004208;295;77;0.0015
"PrepareSceneCullingParameters";0.001625;0.00075;0.005792;186;292;140;4;4;0.535039998707362;0.001789431;0.001375;0.002;299;1;1;1;299;1;0.00075;0.005792;292;140;0.0015
"Unity.2D.Animation.Runtime.dll!UnityEngine.U2D.Animation::SpriteSkinUpdateHelper.LateUpdate() [Invoke]";0.001625;0.000875;0.00775;222;279;47;4;4;0.53524499858031;0.001790117;0.001458;0.001959;299;1;1;1;299;1;0.000875;0.00775;279;47;0.002083
"FixedUpdate.Physics2DFixedUpdate";0.001542;0.000875;0.004042;57;151;119;2;2;0.0668769995681942;0.001759921;0.001333;0.002083;38;1;1;1;38;6;0.000875;0.004042;151;119;0.001375
"PreUpdate.NewInputUpdate";0.001542;0.000708;0.005166;159;295;257;2;2;0.456495996157173;0.001526742;0.00125;0.001667;299;1;1;1;299;1;0.000708;0.005166;295;257;0.001292
"EarlyUpdate.UpdateInputManager";0.001542;0.000875;0.0055;214;290;95;2;2;0.511042999685742;0.001709174;0.001375;0.001958;299;1;1;1;299;1;0.000875;0.0055;290;95;0.00175
"EditorConnection.CheckForIncomingConnections";0.001541;0.000667;0.006583;187;260;52;3;3;0.505165998358279;0.001689518;0.001208;0.001916;299;1;1;1;299;1;0.000667;0.006583;260;52;0.001916
"Camera.FindStacks";0.001541;0.000667;0.020208;246;294;299;2;2;0.575234001058561;0.00192386;0.001251;0.002;598;2;2;2;299;1;0;0.02;12;299;0.001251
"Update.ScriptRunDelayedTasks";0.0015;0.000791;0.004792;3;290;107;2;2;0.48228499898687;0.001612993;0.001291;0.001834;299;1;1;1;299;1;0.000791;0.004792;290;107;0.001416
"FixedUpdate.NewInputFixedUpdate";0.0015;0.000917;0.002583;14;295;42;2;2;0.0566680000629276;0.001491263;0.001416;0.001625;38;1;1;1;38;6;0.000917;0.002583;295;42;0.001708
"Render";0.001417;0.000834;0.041;91;292;55;6;6;0.46534199960297;0.001556328;0.001292;0.001583;299;1;1;1;299;1;0.000834;0.041;292;55;0.001667
"Unity.RenderPipelines.Core.Runtime.dll!UnityEngine.Rendering::Volume.Update() [Invoke]";0.001334;0.000833;0.003625;158;275;252;4;4;0.411080998252146;0.001374853;0.00125;0.001459;299;1;1;1;299;1;0.000833;0.003625;275;252;0.0015
"GUI.Repaint";0.001333;0.00075;0.004083;153;265;125;2;2;0.400323999929242;0.001338876;0.001125;0.0015;299;1;1;1;299;1;0.00075;0.004083;265;125;0.001375
"EarlyUpdate.ProcessRemoteInput";0.001291;0.000583;0.026542;211;151;67;2;2;0.462751999031752;0.001547666;0.001083;0.001667;299;1;1;1;299;1;0.000583;0.026542;151;67;0.001458
"ProcessRemoteInput";0.00125;0.000542;0.026542;194;151;67;3;3;0.451749999076128;0.00151087;0.001041;0.001625;299;1;1;1;299;1;0.000542;0.026542;151;67;0.001416
"afterCullingOutputReady.Invoke";0.00125;0.000625;0.004333;224;276;178;6;6;0.412745999987237;0.001380421;0.001;0.001709;299;1;1;1;299;1;0.000625;0.004333;276;178;0.001083
"Vuforia.Unity.Engine.dll!Vuforia.Internal.Core::UnityLifeCycleListener.Update() [Invoke]";0.001208;0.000583;0.011292;63;265;118;4;4;0.402718998375349;0.001346886;0.001;0.001458;299;1;1;1;299;1;0.000583;0.011292;265;118;0.001292
"Profiler.SerializeStats";0.001167;0.000625;0.00425;211;128;42;3;3;0.377844998496585;0.001263696;0.001041;0.001375;299;1;1;1;299;1;0.000625;0.00425;128;42;0.001166
"UnityEngine.CoreModule.dll!UnityEngine::UnitySynchronizationContext.ExecuteTasks() [Invoke]";0.001166;0.000625;0.004333;121;290;107;3;3;0.379837999469601;0.001270361;0.001;0.001417;299;1;1;1;299;1;0.000625;0.004333;290;107;0.001125
"PostLateUpdate.UpdateCustomRenderTextures";0.001166;0.000584;0.006209;194;262;252;2;2;0.404494999849703;0.001352826;0.000958;0.001583;299;1;1;1;299;1;0.000584;0.006209;262;252;0.001334
"ReflectionProbes.Update";0.001125;0.000458;0.009583;63;181;108;3;3;0.367125999357086;0.001227846;0.000917;0.001375;299;1;1;1;299;1;0.000458;0.009583;181;108;0.00125
"Physics.Raycast";0.001042;0.000291;0.005125;6;131;213;5;5;0.361094998981571;0.001207676;0.000792;0.001417;299;1;1;1;299;1;0.000291;0.005125;131;213;0.001041
"Gfx.EndAsyncJobFrame";0.001001;0.000374;0.003916;101;293;7;2;4;0.317267003658344;0.001061094;0.000875;0.001126;897;3;3;3;299;1;4.2E-05;0.003333;293;252;0.001125
"TerrainManager.CullAllTerrains";0.001;0.000375;0.005167;133;279;16;4;4;0.354788999102311;0.001186585;0.00075;0.001541;299;1;1;1;299;1;0.000375;0.005167;279;16;0.000834
"Physics2D.Simulate";0.001;0.0005;0.001875;188;151;64;3;3;0.0412510002497584;0.001085553;0.000875;0.001208;38;1;1;1;38;6;0.0005;0.001875;151;64;0.001041
"UnityEngine.CoreModule.dll!UnityEngine.Rendering::RenderPipelineManager.HandleRenderPipelineChange() [Invoke]";0.000959;0.000333;0.005208;60;78;63;2;2;0.301487000608176;0.001008318;0.000792;0.001084;598;2;2;2;299;1;8.3E-05;0.005;81;63;0.001125
"CustomRenderTextures.Update";0.000958;0.000417;0.005;199;262;252;3;3;0.327037998329615;0.001093773;0.000791;0.001333;299;1;1;1;299;1;0.000417;0.005;262;252;0.001042
"Render.TransparentGeometry";0.000917;0.000541;0.027209;69;286;46;4;4;0.304960000677966;0.001019933;0.000833;0.001;299;1;1;1;299;1;0.000541;0.027209;286;46;0.000958
"UnityEditor.CoreModule.dll!UnityEditor::PhysicsDebugDraw.InvokeBeforeSimulate() [Invoke]";0.000917;0.000417;0.001958;77;151;241;3;3;0.0405429996608291;0.001066921;0.000709;0.001292;38;1;1;1;38;6;0.000417;0.001958;151;241;0.000875
"PostLateUpdate.UpdateAllRenderers";0.000917;0.0005;0.003958;96;260;252;2;2;0.28737700014608;0.0009611271;0.000792;0.001;299;1;1;1;299;1;0.0005;0.003958;260;252;0.000958
"EarlyUpdate.AnalyticsCoreStatsUpdate";0.000917;0.000375;0.004416;173;277;52;2;2;0.312952999724075;0.001046666;0.000792;0.001084;299;1;1;1;299;1;0.000375;0.004416;277;52;0.001083
"FrameEvents.OnBeforeRenderCallback";0.000875;0.0005;0.004375;229;265;5;2;2;0.280295999429654;0.0009374448;0.000792;0.000959;299;1;1;1;299;1;0.0005;0.004375;265;5;0.000958
"EarlyUpdate.PlayerCleanupCachedData";0.000834;0.000542;0.004833;157;144;251;2;2;0.295500998559874;0.0009882976;0.000708;0.001083;299;1;1;1;299;1;0.000542;0.004833;144;251;0.000708
"Physics.SyncRigidbodyTransform";0.000833;0.000375;0.011958;77;71;134;3;3;0.0459119999140967;0.00120821;0.000584;0.001041;38;1;1;1;38;6;0.000375;0.011958;71;134;0.001041
"EarlyUpdate.UpdateCanvasRectTransform";0.000833;0.000416;0.020666;80;288;86;2;2;0.290657998673851;0.0009721004;0.000708;0.000958;299;1;1;1;299;1;0.000416;0.020666;288;86;0.000833
"PlayerEndOfFrame";0.000833;0.000458;0.00525;226;272;32;2;2;0.32237599947257;0.001078181;0.000708;0.001084;299;1;1;1;299;1;0.000458;0.00525;272;32;0.000625
"WaitForRenderJobs";0.000833;0.000333;0.003749;251;293;252;3;5;0.264480004021607;0.0008845485;0.000708;0.000959;897;3;3;3;299;1;4.1E-05;0.003333;278;252;0.000875
"Cleanup Unused Cached Data";0.000792;0.000458;0.004791;211;144;251;3;3;0.283948998607229;0.0009496622;0.000666;0.001042;299;1;1;1;299;1;0.000458;0.004791;144;251;0.000666
"UnityEngine.InputModule.dll!UnityEngineInternal.Input::NativeInputSystem.ShouldRunUpdate() [Invoke]";0.000791;0.000375;0.010583;17;95;277;3;3;0.245277003050433;0.0008203244;0.000708;0.000875;636;2;2;3;299;1;8.3E-05;0.010375;125;277;0.001043
"TransformChangeSystem";0.000791;0.000248;0.002;61;292;246;3;6;0.241950001196528;0.0008091973;0.000667;0.000915;3142;10;10;14;299;1;0;0.001292;11;246;0.001378
"Physics2D.SyncTransformChanges";0.00075;0.000333;0.00175;188;151;64;4;4;0.0301669998152647;0.0007938684;0.000625;0.000834;38;1;1;1;38;6;0.000333;0.00175;151;64;0.000709
"PlayerCleanupCachedData";0.00075;0.000458;0.00475;289;144;251;4;4;0.271209999220446;0.0009070568;0.000625;0.001;299;1;1;1;299;1;0.000458;0.00475;144;251;0.000625
"PreUpdate.AIUpdate";0.000709;0.000375;0.00275;247;280;252;2;2;0.245116998587037;0.0008197893;0.000625;0.000917;299;1;1;1;299;1;0.000375;0.00275;280;252;0.000625
"Audibility computation fwd";0.000708;0.000375;0.003125;74;284;25;6;6;0.217048999707913;0.0007259164;0.000584;0.000833;299;1;1;1;299;1;0.000375;0.003125;284;25;0.000792
"TimeUpdate.WaitForLastPresentationAndUpdateTime";0.000667;0.000292;0.004875;205;176;296;2;2;0.250546000432223;0.0008379465;0.000542;0.000916;299;1;1;1;299;1;0.000292;0.004875;176;296;0.000833
"PreLateUpdate.EndGraphicsJobsAfterScriptUpdate";0.000666;0.000292;0.004209;69;294;252;2;2;0.21220100010396;0.0007097023;0.000542;0.00075;299;1;1;1;299;1;0.000292;0.004209;294;252;0.000708
"ReflectionProbeAnchorManagerUpdate";0.000625;0.00025;0.003249;37;112;142;4;5;0.185730001467164;0.0006211706;0.0005;0.000708;598;2;2;2;299;1;4.1E-05;0.003166;289;142;0.000624
"RenderLoop.CleanupNodeQueue";0.000585;0.000292;0.00125;124;298;75;3;4;0.18102700014424;0.0006054415;0.000541;0.000667;2093;7;7;7;299;1;4.1E-05;0.000667;7;77;0.000627
"EndGraphicsJobs";0.000584;0.00025;0.004125;212;288;252;2;3;0.197796000087692;0.0006615251;0.0005;0.0007089999;897;3;3;3;299;1;0;0.004084;1;252;0.000708
"PreUpdate.PhysicsUpdate";0.000583;0.000166;0.002667;20;57;252;2;2;0.192836000773241;0.0006449365;0.000417;0.00075;299;1;1;1;299;1;0.000166;0.002667;57;252;0.000209
"PrepareUpdateRendererBoundingVolumes";0.000583;0.000208;0.002167;102;87;245;3;6;0.188030002296728;0.0006288629;0.000458;0.0007089999;1495;5;5;5;299;1;0;0.001667;14;245;0.0006680001
"UnityEngine.InputModule.dll!UnityEngineInternal.Input::NativeInputSystem.NotifyBeforeUpdate() [Invoke]";0.0005420001;0.000291;0.001084;47;265;244;3;3;0.162699004780734;0.0005441438;0.000459;0.000584;636;2;2;3;299;1;8.3E-05;0.000709;42;244;0.00079
"UnityEngine.IMGUIModule.dll!UnityEngine::Event.Internal_MakeMasterEventCurrent() [Invoke]";0.000542;0.000292;0.00325;158;289;125;3;3;0.164580000942806;0.0005504348;0.0005;0.000584;299;1;1;1;299;1;0.000292;0.00325;289;125;0.000625
"EarlyUpdate.UpdatePreloading";0.000542;0.000292;0.002667;182;265;122;2;2;0.188348000287078;0.0006299264;0.000458;0.000708;299;1;1;1;299;1;0.000292;0.002667;265;122;0.000583
"SpriteSkinUpdateHelper.LateUpdate";0.000542;0.000291;0.004042;243;270;273;5;5;0.183660000737291;0.0006142475;0.000459;0.000667;299;1;1;1;299;1;0.000291;0.004042;270;273;0.000792
"RenderTexture.GarbageCollectTemporary";0.000541;0.000209;0.00175;80;276;252;2;5;0.171243002048868;0.0005727191;0.000417;0.000667;598;2;2;2;299;1;4.1E-05;0.001583;156;252;0.000542
"UnityEngine.CoreModule.dll!UnityEngine::Application.InvokeOnBeforeRender() [Invoke]";0.000541;0.000292;0.003333;232;287;6;3;3;0.170503000932513;0.0005702442;0.0005;0.000584;299;1;1;1;299;1;0.000292;0.003333;287;6;0.000542
"PreUpdate.WindUpdate";0.0005;0.000167;0.002375;87;298;122;2;2;0.168412000566605;0.0005632509;0.000375;0.000667;299;1;1;1;299;1;0.000167;0.002375;298;122;0.000541
"Physics2D.SyncColliderTransformChanges";0.0005;0.000208;0.000917;134;42;253;5;5;0.019501000206219;0.0005131842;0.000416;0.000584;38;1;1;1;38;6;0.000208;0.000917;42;253;0.000542
"UIEvents.UpdateCanvasRectTransform";0.0005;0.00025;0.000917;136;108;107;3;3;0.147033001296222;0.0004917491;0.000375;0.000542;299;1;1;1;299;1;0.00025;0.000917;108;107;0.000625
"Initialization.DirectorSampleTime";0.0005;0.000167;0.00225;237;103;252;2;2;0.171884000985301;0.0005748629;0.000458;0.000625;299;1;1;1;299;1;0.000167;0.00225;103;252;0.000542
"FindMainCamera";0.00046;0.000125;0.010207;181;272;42;3;3;0.164784001244698;0.0005511171;0.000376;0.000623;2392;8;8;8;299;1;0;0.010125;1;42;0.0005839999
"CoroutinesDelayedCalls";0.000459;0.000124;0.004832;106;291;130;3;3;0.195171000843402;0.0006527458;0.000374;0.000625;1234;4;4;5;299;1;0;0.0045;13;32;0.000459
"EarlyUpdate.ExecuteMainThreadJobs";0.000458;0.000125;0.004833;39;156;288;2;2;0.218002000532579;0.0007291037;0.000333;0.000625;299;1;1;1;299;1;0.000125;0.004833;156;288;0.000417
"UnityEngine.UIElementsModule.dll!UnityEngine.UIElements::UIElementsRuntimeUtilityNative.RepaintOverlayPanels() [Invoke]";0.000458;0.000166;0.004292;91;88;137;2;2;0.152169000939466;0.0005089264;0.000375;0.000583;299;1;1;1;299;1;0.000166;0.004292;88;137;0.000375
"FindActiveLights";0.000458;4.2E-05;0.004209;130;116;122;6;6;0.150464000995271;0.0005032241;0.000292;0.000584;299;1;1;1;299;1;4.2E-05;0.004209;116;122;0.0005
"Director.SampleTime";0.000458;0.000167;0.001958;142;58;25;3;3;0.146382001170423;0.0004895719;0.000375;0.000542;299;1;1;1;299;1;0.000167;0.001958;58;25;0.000459
"UnityEngine.CoreModule.dll!UnityEngine.Rendering::SupportedRenderingFeatures.IsLightmapBakeTypeSupportedByRef() [Invoke]";0.000458;0.000125;0.001542;154;121;108;4;4;0.141966001130641;0.0004748027;0.000375;0.000542;299;1;1;1;299;1;0.000125;0.001542;121;108;0.0005
"Loading.UpdatePreloading";0.000458;0.000208;0.002084;197;266;52;3;3;0.156838000926655;0.0005245418;0.000375;0.000583;299;1;1;1;299;1;0.000208;0.002084;266;52;0.000459
"UnityEngine.CoreModule.dll!UnityEngine.Rendering::RenderPipelineManager.GetCurrentPipelineAssetType() [Invoke]";0.000458;8.3E-05;0.001125;254;131;70;2;2;0.144758000991715;0.0004841405;0.000375;0.000542;299;1;1;1;299;1;8.3E-05;0.001125;131;70;0.0005
"ApplyPass.PrepareKeywords";0.000417;4.2E-05;0.011625;8;272;142;5;6;0.147676002212393;0.0004938997;0.000292;0.000543;897;3;3;3;299;1;0;0.011375;13;142;0.000376
"FixedUpdate.DirectorFixedUpdate";0.000417;0.000167;0.001;71;6;77;2;2;0.0166300001874333;0.0004376316;0.000292;0.0005;38;1;1;1;38;6;0.000167;0.001;6;77;0.000417
"AddDirectionalLights";0.000417;8.3E-05;0.004458;157;90;44;6;6;0.156240000971593;0.0005225418;0.000292;0.000584;299;1;1;1;299;1;8.3E-05;0.004458;90;44;0.000375
"EarlyUpdate.ClearLines";0.000417;4.1E-05;0.001875;164;121;59;2;2;0.145586000784533;0.0004869097;0.000333;0.000625;299;1;1;1;299;1;4.1E-05;0.001875;121;59;0.000542
"PrepareSceneNodesCombineJob";0.000417;0.000209;0.001125;281;272;252;7;7;0.0389540001779096;0.0004750488;0.000375;0.000542;82;1;1;1;82;5;0.000209;0.001125;272;252;0
"FixedUpdate.ScriptRunBehaviourFixedUpdate";0.000416;8.3E-05;0.000958;57;151;49;2;2;0.0176640000063344;0.0004648421;0.000333;0.000583;38;1;1;1;38;6;8.3E-05;0.000958;151;49;0.000375
"CullSceneDynamicObjects";0.000416;8.3E-05;0.001542;61;121;33;7;7;0.026416000102472;0.0004891852;0.000333;0.000542;54;1;1;1;54;2;8.3E-05;0.001542;121;33;0.000417
"UIEvents.CanvasManagerEmitOffScreenGeometry";0.000416;0.000125;0.001666;91;183;244;2;2;0.132583001250168;0.0004434214;0.000333;0.000541;299;1;1;1;299;1;0.000125;0.001666;183;244;0.000375
"RenderForwardAlpha.Render";0.000416;0.000208;0.000959;92;278;118;5;5;0.1178760008479;0.0003942341;0.000375;0.000417;299;1;1;1;299;1;0.000208;0.000959;278;118;0.000416
"PreLateUpdate.ConstraintManagerUpdate";0.000416;0.000125;0.001584;180;58;52;2;2;0.13482900118106;0.0004509331;0.000292;0.000542;299;1;1;1;299;1;0.000125;0.001584;58;52;0.0005
"UnityEngine.InputModule.dll!UnityEngineInternal.Input::NativeInputSystem.NotifyUpdate() [Invoke]";0.000376;0.000208;0.000917;84;267;25;3;3;0.120130001967482;0.0004017726;0.000333;0.000418;636;2;2;3;299;1;8.3E-05;0.00075;129;25;0.000625
"SpeedTreeWindManager.Update";0.000375;8.4E-05;0.001584;2;295;122;3;3;0.123801001129323;0.0004140502;0.000292;0.0005;299;1;1;1;299;1;8.4E-05;0.001584;295;122;0.000459
"UnityEngine.CoreModule.dll!UnityEngine::Camera.FireOnPreRender() [Invoke]";0.000375;0.000125;0.002292;27;51;284;3;3;0.118909001525026;0.000397689;0.000291;0.000458;299;1;1;1;299;1;0.000125;0.002292;51;284;0.000416
"AudioProfiler.CaptureFrame";0.000375;8.3E-05;0.004958;203;22;15;4;4;0.162419001440867;0.0005432073;0.000292;0.000542;299;1;1;1;299;1;8.3E-05;0.004958;22;15;0.000333
"UpdatePreloading";0.000375;0.000166;0.001542;206;266;25;4;4;0.130536000840948;0.0004365752;0.000333;0.0005;299;1;1;1;299;1;0.000166;0.001542;266;25;0.000375
"PreUpdate.IMGUISendQueuedEvents";0.000375;0.000166;0.002292;209;284;281;2;2;0.13175000132469;0.0004406355;0.000333;0.0005;299;1;1;1;299;1;0.000166;0.002292;284;281;0.000334
"PreLateUpdate.Physics2DLateUpdate";0.000334;0.000166;0.002125;146;196;244;2;2;0.121628001114004;0.0004067826;0.00025;0.000458;299;1;1;1;299;1;0.000166;0.002125;196;244;0.000208
"UnityEngine.CoreModule.dll!UnityEngine::Camera.FireOnPreCull() [Invoke]";0.000333;8.3E-05;0.0015;97;130;7;4;4;0.110455001624359;0.0003694147;0.00025;0.000417;299;1;1;1;299;1;8.3E-05;0.0015;130;7;0.00025
"PostLateUpdate.TriggerEndOfFrameCallbacks";0.000333;4.2E-05;0.011792;186;13;44;2;2;0.139367001997016;0.0004661104;0.00025;0.0005;299;1;1;1;299;1;4.2E-05;0.011792;13;44;0.00025
"UnityEngine.CoreModule.dll!UnityEngine::Camera.FireOnPostRender() [Invoke]";0.000333;8.3E-05;0.001208;214;131;252;4;4;0.102250001575158;0.0003419732;0.000292;0.000375;299;1;1;1;299;1;8.3E-05;0.001208;131;252;0.000375
"EarlyUpdate.DispatchEventQueueEvents";0.000333;8.3E-05;0.001292;219;51;130;2;2;0.114120001519041;0.0003816723;0.000291;0.000458;299;1;1;1;299;1;8.3E-05;0.001292;51;130;0.000333
"Update.DirectorUpdate";0.000333;8.3E-05;0.001375;225;35;59;2;2;0.113668001315091;0.0003801605;0.00025;0.0005;299;1;1;1;299;1;8.3E-05;0.001375;35;59;0.000208
"PreUpdate.Physics2DUpdate";0.000333;4.2E-05;0.002166;268;151;20;2;2;0.120673001387331;0.0004035886;0.00025;0.000417;299;1;1;1;299;1;4.2E-05;0.002166;151;20;0.000125
"Initialization.AsyncUploadTimeSlicedUpdate";0.000292;4.1E-05;0.004042;91;258;97;2;2;0.104835001395259;0.0003506187;0.000209;0.000375;299;1;1;1;299;1;4.1E-05;0.004042;258;97;0.000375
"Clear";0.000292;0.000125;0.001;149;130;108;6;6;0.0924110019404907;0.0003090669;0.00025;0.000333;299;1;1;1;299;1;0.000125;0.001;130;108;0.000333
"Update Lights";0.000292;0.000126;0.000875;151;275;108;3;3;0.0950000021839514;0.0003177258;0.00025;0.000375;598;2;2;2;299;1;4.2E-05;0.0005;275;88;0.000332
"PostLateUpdate.UpdateLightProbeProxyVolumes";0.000292;8.4E-05;0.0025;175;281;25;2;2;0.101713001713506;0.0003401773;0.00025;0.000375;299;1;1;1;299;1;8.4E-05;0.0025;281;25;0.000416
"GlobalEventQueue";0.000292;0;0.00125;214;51;130;3;3;0.102539001469268;0.0003429398;0.00025;0.000417;299;1;1;1;299;1;0;0.00125;51;130;0.000292
"Renderers.OncePerFrameUpdate";0.000292;0.000124;0.001167;269;113;252;3;3;0.103588002479228;0.0003464482;0.00025;0.000376;598;2;2;2;299;1;4.1E-05;0.001042;49;252;0.000333
"CullObjectsWithoutUmbra";0.000292;0;0.000959;287;121;12;8;8;0.0200460003397893;0.0003712222;0.00025;0.000417;54;1;1;1;54;2;0;0.000959;121;12;0.00025
"Application.Integrate Assets in Background";0.000291;0.000125;0.001375;34;257;25;5;5;0.094581001525512;0.0003163244;0.000209;0.000375;299;1;1;1;299;1;0.000125;0.001375;257;25;0.00025
"UnityEngine.CoreModule.dll!UnityEngine.Rendering::OnDemandRendering.GetRenderFrameInterval() [Invoke]";0.000291;8.4E-05;0.003958;127;278;263;2;2;0.0941150014696177;0.0003147659;0.000209;0.000334;299;1;1;1;299;1;8.4E-05;0.003958;278;263;0.000416
"SpeedTreeWindManager.GetCachedGlobalWindVector";0.000291;4.2E-05;0.001375;147;268;122;4;4;0.0950410016012029;0.0003178629;0.000208;0.000375;299;1;1;1;299;1;4.2E-05;0.001375;268;122;0.000375
"Render.MotionVectors";0.000291;4.2E-05;0.00125;216;129;13;4;4;0.0943310015281895;0.0003154883;0.000208;0.000375;299;1;1;1;299;1;4.2E-05;0.00125;129;13;0.00025
"ReflectionProbeAnchorPositionUpdate";0.000251;4.1E-05;0.003042;116;5;142;5;6;0.0808500013736193;0.0002704013;0.000209;0.000292;598;2;2;2;299;1;0;0.002959;5;142;0.000292
"Profiler.CollectVideoStats";0.00025;0;0.017;52;36;171;3;3;0.108585000569292;0.0003631605;0.000167;0.000333;299;1;1;1;299;1;0;0.017;36;171;0.00025
"PostLateUpdate.UpdateRectTransform";0.00025;0.000125;0.000792;55;258;244;2;2;0.074710001834319;0.0002498662;0.000208;0.000291;299;1;1;1;299;1;0.000125;0.000792;258;244;0.000334
"EarlyUpdate.UpdateContentLoading";0.00025;8.3E-05;0.000875;105;284;244;2;2;0.0813920015207259;0.0002722141;0.000208;0.000333;299;1;1;1;299;1;8.3E-05;0.000875;284;244;0.000375
"Physics.SyncColliderTransform";0.00025;4.2E-05;0.000958;151;253;134;3;3;0.0116260001959745;0.0003059474;0.000125;0.000375;38;1;1;1;38;6;4.2E-05;0.000958;253;134;0.000292
"updateScene.Invoke";0.00025;8.3E-05;0.113541;209;3;298;2;2;0.290087000903441;0.0009701906;0.000167;0.000416;299;1;1;1;299;1;8.3E-05;0.113541;3;298;0.00025
"UnityEngine.CoreModule.dll!UnityEngine.Rendering::SupportedRenderingFeatures.IsUIOverlayRenderedBySRP() [Invoke]";0.00025;8.3E-05;0.000709;217;260;252;2;2;0.0803850018710364;0.0002688462;0.000208;0.000292;299;1;1;1;299;1;8.3E-05;0.000709;260;252;0.000291
"ConstraintManager::Update";0.00025;4.1E-05;0.0015;268;119;52;3;3;0.0905000017228303;0.0003026756;0.000208;0.000375;299;1;1;1;299;1;4.1E-05;0.0015;119;52;0.000375
"LOD.ComputeLOD";0.00025;8.3E-05;0.001416;190;58;252;5;6;0.0853500016310136;0.0002854515;0.000167;0.000334;598;2;2;2;299;1;0;0.001;2;5;0.000207
"JobDebuggerFrameMaintenance";0.000209;0;0.004667;209;12;288;3;3;0.140370000757684;0.0004694649;0.000166;0.000291;299;1;1;1;299;1;0;0.004667;12;288;0.00025
"PostLateUpdate.UpdateVideoTextures";0.000209;8.3E-05;0.001542;236;13;252;2;2;0.0811120011785533;0.0002712776;0.000166;0.000292;299;1;1;1;299;1;8.3E-05;0.001542;13;252;0.000167
"TextRendering.CollectGarbage";0.000208;4.1E-05;0.1135;21;11;298;3;3;0.266659998444084;0.0008918394;0.000125;0.00025;299;1;1;1;299;1;4.1E-05;0.1135;11;298;0.00025
"PostLateUpdate.PhysicsSkinnedClothBeginUpdate";0.000208;4.2E-05;0.001209;81;264;244;2;2;0.0710090011489228;0.0002374883;0.000125;0.00025;299;1;1;1;299;1;4.2E-05;0.001209;264;244;0.000209
"Initialization.XREarlyUpdate";0.000208;0;0.001416;90;92;244;2;2;0.0713810012239264;0.0002387324;0.000167;0.00025;299;1;1;1;299;1;0;0.001416;92;244;0.00025
"PostLateUpdate.DirectorRenderImage";0.000208;8.3E-05;0.000792;120;18;15;2;2;0.0606720011637663;0.0002029164;0.000167;0.000209;299;1;1;1;299;1;8.3E-05;0.000792;18;15;0.00025
"Physics2D.CollectProfileInfo";0.000208;0;0.00175;157;37;16;3;3;0.0756200009200256;0.0002529097;0.000166;0.000291;299;1;1;1;299;1;0;0.00175;37;16;0.000166
"AddCustomActiveLocalLights";0.000208;4.2E-05;0.000792;179;264;118;6;6;0.0712210015626624;0.0002381973;0.000125;0.000292;299;1;1;1;299;1;4.2E-05;0.000792;264;118;0.000292
"CanvasUpdate.Prelayout";0.000208;4.1E-05;0.000583;179;66;76;7;7;0.0631620011117775;0.0002112442;0.000167;0.00025;299;1;1;1;299;1;4.1E-05;0.000583;66;76;0.000208
"UnityEngine.AIModule.dll!UnityEngine.AI::NavMesh.Internal_CallOnNavMeshPreUpdate() [Invoke]";0.000208;4.2E-05;0.001083;201;289;252;3;3;0.0714990012420458;0.0002391271;0.000166;0.000292;299;1;1;1;299;1;4.2E-05;0.001083;289;252;0.000125
"GeneralConnection.Poll";0.000208;8.3E-05;0.002541;212;270;253;3;3;0.0744960010415525;0.0002491505;0.000167;0.00025;299;1;1;1;299;1;8.3E-05;0.002541;270;253;0.000208
"Render.Prepare";0.000208;4.1E-05;0.000875;288;42;67;4;4;0.073208001027524;0.0002448428;0.000125;0.000333;299;1;1;1;299;1;4.1E-05;0.000875;42;67;0.000125
"PreUpdate.UpdateVideo";0.000167;4.1E-05;0.001416;38;24;117;2;2;0.0574600009131245;0.0001921739;0.000125;0.000209;299;1;1;1;299;1;4.1E-05;0.001416;24;117;0.00025
"PostLateUpdate.SortingGroupsUpdate";0.000167;4.1E-05;0.000625;61;13;42;2;2;0.0545460012290278;0.0001824281;0.000125;0.000209;299;1;1;1;299;1;4.1E-05;0.000625;13;42;0.000125
"RenderForwardOpaque.Prepare";0.000167;8.3E-05;0.000834;91;255;32;5;5;0.0660040013535763;0.0002207492;0.000125;0.000291;299;1;1;1;299;1;8.3E-05;0.000834;255;32;0.000125
"BeginRenderQueueExtraction";0.000167;8.3E-05;0.000666;110;267;87;4;4;0.056785001186654;0.0001899164;0.000125;0.000208;299;1;1;1;299;1;8.3E-05;0.000666;267;87;0.000167
"PostLateUpdate.UpdateAllSkinnedMeshes";0.000167;0;0.001334;114;2;25;2;2;0.0612900008418364;0.0002049833;0.000125;0.000209;299;1;1;1;299;1;0;0.001334;2;25;0.000125
"ClipperRegistry.Cull";0.000167;4.1E-05;0.00075;121;282;132;7;7;0.0594910012223409;0.0001989666;0.000166;0.000209;299;1;1;1;299;1;4.1E-05;0.00075;282;132;0.000166
"Physics2D.InterpolatePoses";0.000167;0;0.002;155;58;20;3;3;0.0632100011061993;0.0002114047;0.000125;0.00025;299;1;1;1;299;1;0;0.002;58;20;4.2E-05
"FixedBehaviourUpdate";0.000167;4.1E-05;0.000583;170;77;42;3;3;0.00741500008007279;0.0001951316;4.2E-05;0.000209;38;1;1;1;38;6;4.1E-05;0.000583;77;42;0.000125
"CleanUp.TextRenderingGarbageCollect";0.000167;4.1E-05;0.004209;189;30;251;5;5;0.0940910009740037;0.0003146856;0.000125;0.000416;299;1;1;1;299;1;4.1E-05;0.004209;30;251;0.000167
"FixedUpdate.XRFixedUpdate";0.000167;0;0.000875;197;21;49;2;2;0.00837100008357083;0.0002202895;4.2E-05;0.000292;38;1;1;1;38;6;0;0.000875;21;49;0.000208
"PreLateUpdate.AIUpdatePostScript";0.000167;4.1E-05;0.000625;228;37;90;2;2;0.0585450010330533;0.0001958027;0.000125;0.00025;299;1;1;1;299;1;4.1E-05;0.000625;37;90;0.00025
"EarlyUpdate.XRUpdate";0.000166;0;0.000584;45;28;132;2;2;0.0470060010047746;0.0001572107;8.4E-05;0.000208;299;1;1;1;299;1;0;0.000584;28;132;0.000167
"RenderForwardAlpha.Prepare";0.000166;8.3E-05;0.0005;50;258;98;5;5;0.0447890011273557;0.000149796;0.000125;0.000167;299;1;1;1;299;1;8.3E-05;0.0005;258;98;0.000209
"PostLateUpdate.VFXUpdate";0.000166;0;0.000875;81;39;42;2;2;0.0493880011272267;0.0001651773;8.4E-05;0.000209;299;1;1;1;299;1;0;0.000875;39;42;0.000208
"EarlyUpdate.ScriptRunDelayedStartupFrame";0.000166;4.1E-05;0.001417;123;276;252;2;2;0.0541970011399826;0.0001812609;0.000125;0.000167;299;1;1;1;299;1;4.1E-05;0.001417;276;252;0.000167
"CullSceneDynamicObjectsCombineJob";0.000166;4.1E-05;0.00075;149;179;33;7;7;0.0104170001504826;0.0001929074;0.000125;0.000208;54;1;1;1;54;2;4.1E-05;0.00075;179;33;0.00025
"Director.PrepareFrame";0.000164;0;0.0005830001;270;26;59;3;3;0.0493649998752517;0.0001651003;0.000124;0.000208;1571;5;5;7;299;1;0;0.0005;1;59;0.000293
"suspendPointHook.Invoke";0.000125;0;0.000875;2;16;122;6;6;0.0378340004899655;0.0001265351;8.3E-05;0.000167;299;1;1;1;299;1;0;0.000875;16;122;0.000125
"FixedUpdate.ScriptRunDelayedFixedFrameRate";0.000125;8.3E-05;0.000458;64;28;21;2;2;0.00492000008671312;0.0001294737;8.4E-05;0.000125;38;1;1;1;38;6;8.3E-05;0.000458;28;21;0.000166
"PreLateUpdate.DirectorUpdateAnimationBegin";0.000125;4.1E-05;0.000334;64;296;25;2;2;0.0348060010292102;0.000116408;8.4E-05;0.000125;299;1;1;1;299;1;4.1E-05;0.000334;296;25;0.000125
"PreLateUpdate.DirectorUpdateAnimationEnd";0.000125;4.1E-05;0.000375;64;261;168;2;2;0.03424000099767;0.0001145151;8.3E-05;0.000125;299;1;1;1;299;1;4.1E-05;0.000375;261;168;0.000125
"PostLateUpdate.DirectorLateUpdate";0.000125;4.1E-05;0.000666;76;278;6;2;2;0.0357460010563955;0.0001195518;8.4E-05;0.000125;299;1;1;1;299;1;4.1E-05;0.000666;278;6;0.000125
"FixedUpdate.DirectorFixedUpdatePostPhysics";0.000125;4.2E-05;0.000167;77;270;6;2;2;0.00446100014960393;0.0001173947;8.4E-05;0.000125;38;1;1;1;38;6;4.2E-05;0.000167;270;6;8.3E-05
"Physics2D.SyncRigidbodyTransformChanges";0.000125;8.3E-05;0.000459;98;6;224;5;5;0.00620800008618971;0.0001633684;8.3E-05;0.000167;38;1;1;1;38;6;8.3E-05;0.000459;6;224;8.3E-05
"EarlyUpdate.UnityWebRequestUpdate";0.000125;0;0.000833;102;268;244;2;2;0.0454230006798753;0.0001519164;8.3E-05;0.000167;299;1;1;1;299;1;0;0.000833;268;244;0.000125
"CanvasUpdate.PreRender";0.000125;4.2E-05;0.000625;116;86;250;7;7;0.0379750012725708;0.0001270067;0.000125;0.000125;299;1;1;1;299;1;4.2E-05;0.000625;86;250;0.000167
"Update.ScriptRunDelayedDynamicFrameRate";0.000125;4.1E-05;0.0005;148;14;93;2;2;0.042330001037044;0.0001415719;8.4E-05;0.000166;299;1;1;1;299;1;4.1E-05;0.0005;14;93;0.000167
"Physics.Interpolation";0.000125;0;0.000792;149;12;77;3;3;0.0420340006749029;0.0001405819;8.3E-05;0.000166;337;1;1;2;299;1;0;0.00075;12;77;0.00025
"FinalizeUpdateRendererBoundingVolumes";0.000125;4.1E-05;0.000417;153;164;122;4;4;0.0417090010887478;0.000139495;8.4E-05;0.000166;299;1;1;1;299;1;4.1E-05;0.000417;164;122;0.000167
"CanvasUpdate.LatePreRender";0.000125;4.1E-05;0.000375;165;186;63;7;7;0.0407070012661279;0.0001361438;0.000125;0.000166;299;1;1;1;299;1;4.1E-05;0.000375;186;63;0.000167
"PostLateUpdate.ShaderHandleErrors";0.000125;0;0.000958;167;87;244;2;2;0.0468320011714241;0.0001566288;8.4E-05;0.000167;299;1;1;1;299;1;0;0.000958;87;244;0.000167
"EarlyUpdate.UpdateStreamingManager";0.000125;0;0.000875;181;6;244;2;2;0.0407980008531013;0.0001364482;8.4E-05;0.000167;299;1;1;1;299;1;0;0.000875;6;244;0.000125
"CanvasUpdate.PostLayout";0.000125;4.2E-05;0.000333;187;133;13;7;7;0.0416730012657354;0.0001393746;0.000125;0.000167;299;1;1;1;299;1;4.2E-05;0.000333;133;13;0.000167
"EarlyUpdate.UpdateTextureStreamingManager";0.000125;4.1E-05;0.000667;215;2;25;2;2;0.0478260009840596;0.0001599532;0.000125;0.000167;299;1;1;1;299;1;4.1E-05;0.000667;2;25;0.000125
"Profiler.FlushFileIOCounters";0.000125;4.1E-05;0.000917;221;284;127;2;2;0.045597001335409;0.0001524983;0.000125;0.000167;299;1;1;1;299;1;4.1E-05;0.000917;284;127;0.000167
"LightProbeProxyVolumeManager.Update";0.000125;0;0.001834;228;53;25;3;3;0.0482160011306405;0.0001612575;8.4E-05;0.000208;299;1;1;1;299;1;0;0.001834;53;25;0.000292
"ClothManager.LateUpdate";0.000125;4.1E-05;0.001083;251;65;76;3;3;0.0538060007529566;0.0001799532;8.4E-05;0.000208;299;1;1;1;299;1;4.1E-05;0.001083;65;76;0.000167
"FrameEvents.XRBeginFrame";0.000125;0;0.000792;262;6;131;2;2;0.0431220008103992;0.0001442207;0.000125;0.000167;299;1;1;1;299;1;0;0.000792;6;131;0.000125
"CanvasUpdate.Layout";0.000125;4.1E-05;0.000375;285;153;40;7;7;0.0432150011693011;0.0001445318;0.000125;0.000167;299;1;1;1;299;1;4.1E-05;0.000375;153;40;0.000166
"Director.ProcessFrame";0.000125;0;0.000666;80;26;15;3;3;0.03878999974404;0.0001297324;8.3E-05;0.000167;1571;5;5;7;299;1;0;0.000583;1;15;0.000248
"ParticleSystem.EndUpdateAll";0.000125;0;0.000875;164;34;244;3;4;0.0405449998070253;0.000135602;8.4E-05;0.000167;1196;4;4;4;299;1;0;0.000792;1;244;0.000124
"EndRenderQueueExtraction";8.4E-05;0;0.000792;1;5;117;4;4;0.0418340004689526;0.000139913;4.2E-05;0.000208;299;1;1;1;299;1;0;0.000792;5;117;0.000292
"PostLateUpdate.UpdateVideo";8.4E-05;0;0.000459;3;118;110;2;2;0.033336000466079;0.0001114916;4.2E-05;0.000125;299;1;1;1;299;1;0;0.000459;118;110;0.000125
"FindDirectionalShadowCastingLights";8.4E-05;4.1E-05;0.003334;17;18;161;6;6;0.0390910003407043;0.0001307391;8.3E-05;0.000166;299;1;1;1;299;1;4.1E-05;0.003334;18;161;0.000167
"EarlyUpdate.PerformanceAnalyticsUpdate";8.4E-05;0;0.000916;45;19;52;2;2;0.0331290003305185;0.0001107993;4.2E-05;0.000125;299;1;1;1;299;1;0;0.000916;19;52;4.2E-05
"PreLateUpdate.LegacyAnimationUpdate";8.4E-05;0;0.000708;82;21;52;2;2;0.035539000564313;0.0001188595;8.3E-05;0.000125;299;1;1;1;299;1;0;0.000708;21;52;8.4E-05
"ContentLoadFrontend.IntegrateUpdate";8.4E-05;4.1E-05;0.000625;96;1;252;3;3;0.0344670003469218;0.0001152742;8.3E-05;0.000125;299;1;1;1;299;1;4.1E-05;0.000625;1;252;0.000166
"PrepareSceneNodesSetUp";8.4E-05;0;0.000582;101;4;77;7;7;0.0203679998812731;9.984314E-05;4.2E-05;0.000126;848;4;1;6;204;3;0;0.0005;4;115;0.000168
"EarlyUpdate.ClearIntermediateRenderers";8.4E-05;0;0.001041;202;5;244;2;2;0.0384970005834475;0.0001287525;8.3E-05;0.000166;299;1;1;1;299;1;0;0.001041;5;244;0.000125
"PostLateUpdate.ParticleSystemEndUpdateAll";8.4E-05;0;0.000792;266;291;244;2;2;0.0354900006059324;0.0001186957;8.3E-05;0.000125;299;1;1;1;299;1;0;0.000792;291;244;0.000167
"PreLateUpdate.DirectorDeferredEvaluate";8.4E-05;0;0.000625;279;122;120;2;2;0.0364510005238117;0.0001219097;8.3E-05;0.000166;299;1;1;1;299;1;0;0.000625;122;120;0.000167
"Terrain.UpdateSplatProperties";8.4E-05;0;0.000541;282;26;11;5;5;0.0365410005833837;0.0001222107;4.2E-05;0.000167;299;1;1;1;299;1;0;0.000541;26;11;8.3E-05
"addCustomLights.Invoke";8.3E-05;0;0.0005;29;1;118;7;7;0.0239500001698616;8.010033E-05;4.1E-05;8.4E-05;598;2;2;2;299;1;0;0.0005;1;118;0.000166
"beforeCameraRender.Invoke";8.3E-05;0;0.023542;92;1;172;3;3;0.0495920001922059;0.0001658595;4.2E-05;8.4E-05;299;1;1;1;299;1;0;0.023542;1;172;0.000125
"Initialization.UpdateCameraMotionVectors";8.3E-05;0;0.000375;135;18;129;2;2;0.0234520000813063;7.843478E-05;4.2E-05;8.4E-05;299;1;1;1;299;1;0;0.000375;18;129;8.3E-05
"FindBrightestDirectionalLight";8.3E-05;0;0.00125;140;46;298;5;5;0.0238799998915056;7.986622E-05;4.2E-05;8.4E-05;299;1;1;1;299;1;0;0.00125;46;298;8.3E-05
"FixedUpdate.PhysicsClothFixedUpdate";8.3E-05;0;0.000666;161;77;42;2;2;0.00470600007247413;0.0001238421;4.2E-05;0.000125;38;1;1;1;38;6;0;0.000666;77;42;0.000167
"Flush DSP connections";8.3E-05;0;0.000667;190;82;6;6;6;0.0449260004752432;0.0001502542;4.2E-05;0.000209;299;1;1;1;299;1;0;0.000667;82;6;8.3E-05
"PostLateUpdate.ScriptRunDelayedDynamicFrameRate";8.3E-05;0;0.000292;201;283;95;2;2;0.0262100000109058;8.765886E-05;8.3E-05;8.4E-05;299;1;1;1;299;1;0;0.000292;283;95;0.000125
"TimeManager.Update";8.3E-05;0;0.000583;202;19;6;3;3;0.0272580003511393;9.116388E-05;4.2E-05;0.000125;299;1;1;1;299;1;0;0.000583;19;6;8.3E-05
"EarlyUpdate.ProcessMouseInWindow";8.3E-05;0;0.000625;224;72;252;2;2;0.0301590003728052;0.0001008662;4.2E-05;0.000125;299;1;1;1;299;1;0;0.000625;72;252;8.3E-05
"PostLateUpdate.PhysicsSkinnedClothFinishUpdate";8.3E-05;4.1E-05;0.000666;224;49;252;2;2;0.0309140002573258;0.0001033913;8.3E-05;0.000125;299;1;1;1;299;1;4.1E-05;0.000666;49;252;8.3E-05
"NavMeshManager";8.3E-05;0;0.000458;228;24;90;3;3;0.0302550004562363;0.0001011873;4.2E-05;0.000125;299;1;1;1;299;1;0;0.000458;24;90;0.000125
"Profiler.CollectGIStats";8.3E-05;0;0.000875;236;57;106;3;3;0.0317180003185058;0.0001060803;4.2E-05;0.000125;299;1;1;1;299;1;0;0.000875;57;106;0.000125
"EarlyUpdate.RendererNotifyInvisible";8.3E-05;0;0.001291;297;278;244;2;2;0.0318830002870527;0.0001066321;8.3E-05;0.000125;299;1;1;1;299;1;0;0.001291;278;244;0.000125
"Connections.Process";4.2E-05;0;0.000125;9;3;55;4;4;0.0101209999047569;3.38495E-05;4.1E-05;4.2E-05;299;1;1;1;299;1;0;0.000125;3;55;4.1E-05
"ParticleSystem.WaitForPreviousRenderingToFinish";4.2E-05;0;0.000167;17;1;52;4;4;0.01046599997062;3.500334E-05;0;4.2E-05;299;1;1;1;299;1;0;0.000167;1;52;4.2E-05
"RenderTexture.SetActive";4.2E-05;0;8.4E-05;21;2;8;3;4;0.0102559998922516;3.4301E-05;0;4.2E-05;598;2;2;2;299;1;0;4.2E-05;1;5;4.2E-05
"Tree.ComputeWindPropertiesForAllVisible";4.2E-05;0;0.000583;27;2;21;7;7;0.0164970001133042;5.517391E-05;0;4.2E-05;299;1;1;1;299;1;0;0.000583;2;21;4.2E-05
"FixedUpdate.DirectorFixedSampleTime";4.2E-05;0;0.000416;35;6;42;2;2;0.00220199997420423;5.794737E-05;4.1E-05;4.2E-05;38;1;1;1;38;6;0;0.000416;6;42;8.3E-05
"EarlyUpdate.GpuTimestamp";4.2E-05;0;0.000375;38;19;252;2;2;0.0112119998957496;3.749833E-05;4.1E-05;4.2E-05;299;1;1;1;299;1;0;0.000375;19;252;4.2E-05
"EarlyUpdate.Physics2DEarlyUpdate";4.2E-05;0;0.0005;45;6;244;2;2;0.0134650000036345;4.503344E-05;0;4.2E-05;299;1;1;1;299;1;0;0.0005;6;244;4.2E-05
"PostLateUpdate.BatchModeUpdate";4.2E-05;0;0.000167;45;13;113;2;2;0.011009999892849;3.682274E-05;4.1E-05;4.2E-05;299;1;1;1;299;1;0;0.000167;13;113;4.2E-05
"FindShadowCastingLights";4.2E-05;0;0.000417;46;1;73;7;7;0.0120559999850229;4.032107E-05;0;4.2E-05;299;1;1;1;299;1;0;0.000417;1;73;0.000125
"EarlyUpdate.ResetFrameStatsAfterPresent";4.2E-05;0;0.001;71;6;252;2;2;0.0175540001946501;5.870903E-05;0;8.3E-05;299;1;1;1;299;1;0;0.001;6;252;4.1E-05
"SortingGroupManager.Update";4.2E-05;0;0.000625;76;5;42;3;3;0.0140929999615764;4.713378E-05;0;4.2E-05;299;1;1;1;299;1;0;0.000625;5;42;4.2E-05
"ClothManager.UploadSimulatedSkinData";4.2E-05;0;0.000458;91;19;252;3;3;0.0186680000770139;6.243478E-05;4.1E-05;4.2E-05;299;1;1;1;299;1;0;0.000458;19;252;4.2E-05
"Connections.Poll";4.2E-05;0;0.000209;98;1;273;4;4;0.0135460000019521;4.530435E-05;0;8.3E-05;299;1;1;1;299;1;0;0.000209;1;273;0
"Preload Single Step";4.2E-05;0;0.000542;120;145;25;6;6;0.0167359999395558;5.597324E-05;4.1E-05;4.2E-05;299;1;1;1;299;1;0;0.000542;145;25;4.1E-05
"EarlyUpdate.SpriteAtlasManagerUpdate";4.2E-05;0;0.0005;139;1;59;2;2;0.0206320002253051;6.900335E-05;4.1E-05;8.3E-05;299;1;1;1;299;1;0;0.0005;1;59;4.2E-05
"PostLateUpdate.InputEndFrame";4.2E-05;0;0.000709;140;3;108;2;2;0.0170879999059252;5.71505E-05;4.1E-05;4.2E-05;299;1;1;1;299;1;0;0.000709;3;108;8.4E-05
"FixedUpdate.ClearLines";4.2E-05;0;8.4E-05;142;270;6;2;2;0.00199899997824105;5.260526E-05;4.1E-05;8.3E-05;38;1;1;1;38;6;0;8.4E-05;270;6;4.2E-05
"ClothScene.Update";4.2E-05;0;0.000542;144;7;119;4;4;0.0208450002028258;6.971572E-05;4.1E-05;8.3E-05;299;1;1;1;299;1;0;0.000542;7;119;8.3E-05
"Physics2D.GetRayIntersection";4.2E-05;0;0.000709;146;2;117;5;5;0.0185160000764881;6.192642E-05;0;8.3E-05;299;1;1;1;299;1;0;0.000709;2;117;0
"UpdateRendererBoundingVolumes";4.2E-05;0;0.00025;161;17;15;4;4;0.0173370000338764;5.798328E-05;4.1E-05;8.3E-05;299;1;1;1;299;1;0;0.00025;17;15;4.1E-05
"EarlyUpdate.UpdateAsyncReadbackManager";4.2E-05;0;0.000625;197;5;26;2;2;0.020956000109436;7.008696E-05;4.1E-05;8.3E-05;299;1;1;1;299;1;0;0.000625;5;26;4.2E-05
"SkinnedMeshOncePerFrameUpdate";4.2E-05;0;0.0005;218;1;42;4;4;0.0210860000734101;7.052174E-05;4.1E-05;8.4E-05;598;2;2;2;299;1;0;0.0005;1;42;4.1E-05
"PostLateUpdate.EndGraphicsJobsAfterScriptLateUpdate";4.2E-05;0;0.00025;248;269;101;2;2;0.0176639998462633;5.907692E-05;4.2E-05;8.3E-05;299;1;1;1;299;1;0;0.00025;269;101;8.4E-05
"EditorConnection.RefreshObservablePlayerList";4.2E-05;0;0.000625;281;262;25;3;3;0.0242500002204906;8.110368E-05;4.2E-05;0.000125;299;1;1;1;299;1;0;0.000625;262;25;8.4E-05
"FixedUpdate.LegacyFixedAnimationUpdate";4.2E-05;4.1E-05;0.000833;295;35;119;2;2;0.00529400003870251;0.0001393158;4.2E-05;0.000167;38;1;1;1;38;6;4.1E-05;0.000833;35;119;0.000167
"Send messages";4.1E-05;0;4.2E-05;13;1;2;4;4;0.00628499993035803;2.102007E-05;0;4.2E-05;299;1;1;1;299;1;0;4.2E-05;1;2;4.1E-05
"TextureStreamingManager.Update";4.1E-05;0;0.000292;24;3;52;3;3;0.00736999996297527;2.464883E-05;0;4.2E-05;299;1;1;1;299;1;0;0.000292;3;52;0
"PreLateUpdate.PhysicsLateUpdate";4.1E-05;0;0.000167;25;2;73;2;2;0.00686799993854947;2.29699E-05;0;4.2E-05;299;1;1;1;299;1;0;0.000167;2;73;4.2E-05
"PostLateUpdate.XRPreEndFrame";4.1E-05;0;0.00025;36;1;121;2;2;0.0094950000566314;3.175585E-05;0;4.2E-05;299;1;1;1;299;1;0;0.00025;1;121;4.2E-05
"CombineJobResults";4.1E-05;0;0.000583;41;8;82;8;8;0.00333200000750367;6.17037E-05;0;4.2E-05;54;1;1;1;54;2;0;0.000583;8;82;0
"EarlyUpdate.UpdateMainGameViewRect";4.1E-05;0;0.000208;74;1;107;2;2;0.00709099992673146;2.371572E-05;0;4.2E-05;299;1;1;1;299;1;0;0.000208;1;107;4.2E-05
"ConstraintManager::Update::JobSetup";4.1E-05;0;0.000334;153;3;16;4;4;0.00809099995967699;2.70602E-05;0;4.2E-05;299;1;1;1;299;1;0;0.000334;3;16;4.2E-05
"PostLateUpdate.XRPostLateUpdate";4.1E-05;0;0.000209;169;3;130;2;2;0.0096619999530958;3.231438E-05;0;4.2E-05;299;1;1;1;299;1;0;0.000209;3;130;4.2E-05
"Terrain.Trees.OnWillRender";4.1E-05;0;0.000375;184;2;250;7;7;0.0109469999952125;3.661204E-05;0;4.2E-05;299;1;1;1;299;1;0;0.000375;2;250;4.2E-05
"UIEvents.AlignCanvasRectTransformWithCamera";4.1E-05;0;0.000583;189;8;119;3;3;0.00932999994984129;3.120401E-05;0;4.2E-05;299;1;1;1;299;1;0;0.000583;8;119;4.2E-05
"FrameEvents.XREndFrame";4.1E-05;0;0.000292;198;2;252;3;3;0.00975399996241322;3.262207E-05;0;4.2E-05;299;1;1;1;299;1;0;0.000292;2;252;4.2E-05
"SoundManager.Update";4.1E-05;0;0.000667;199;2;117;3;3;0.00900699996418552;3.012375E-05;0;4.2E-05;299;1;1;1;299;1;0;0.000667;2;117;4.1E-05
"EarlyUpdate.PhysicsResetInterpolatedTransformPosition";4.1E-05;0;0.0175;223;2;35;2;2;0.209491999114107;0.0007006421;0;4.2E-05;299;1;1;1;299;1;0;0.0175;2;35;0.003834
"PreUpdate.CheckTexFieldInput";4.1E-05;0;0.000167;228;3;117;2;2;0.00907899990852457;3.036455E-05;0;4.2E-05;299;1;1;1;299;1;0;0.000167;3;117;4.2E-05
"Profiler.CollectUICanvasStats";4.1E-05;0;0.000333;278;4;20;3;3;0.0111629999519209;3.733445E-05;0;4.2E-05;299;1;1;1;299;1;0;0.000333;4;20;8.3E-05
"PostLateUpdate.ResetInputAxis";4.1E-05;0;0.000167;298;2;200;2;2;0.00851799992960878;2.848829E-05;0;4.2E-05;299;1;1;1;299;1;0;0.000167;2;200;4.2E-05
"Active Constraints";0;0;0;150;1;1;3;4;0;0;0;0;337;1;1;2;299;1;0;0;1;1;0
"Active Dynamic Bodies";0;0;0;150;1;1;3;4;0;0;0;0;337;1;1;2;299;1;0;0;1;1;0
"Active Kinematic Bodies";0;0;0;150;1;1;3;4;0;0;0;0;337;1;1;2;299;1;0;0;1;1;0
"Added Contacts";0;0;0;150;1;1;3;3;0;0;0;0;299;1;1;1;299;1;0;0;1;1;0
"AnimationClip Count";0;0;0;150;1;1;3;3;0;0;0;0;299;1;1;1;299;1;0;0;1;1;0
"AnimationClip Memory";0;0;0;150;1;1;3;3;0;0;0;0;299;1;1;1;299;1;0;0;1;1;0
"App Committed Memory";0;0;0;150;1;1;3;3;0;0;0;0;299;1;1;1;299;1;0;0;1;1;0
"App Resident Memory";0;0;0;150;1;1;3;3;0;0;0;0;299;1;1;1;299;1;0;0;1;1;0
"Articulation Bodies";0;0;0;150;1;1;3;4;0;0;0;0;337;1;1;2;299;1;0;0;1;1;0
"Asleep Bodies";0;0;0;150;1;1;3;3;0;0;0;0;299;1;1;1;299;1;0;0;1;1;0
"Asleep Shapes";0;0;0;150;1;1;3;3;0;0;0;0;299;1;1;1;299;1;0;0;1;1;0
"Asset Count";0;0;0;150;1;1;3;3;0;0;0;0;299;1;1;1;299;1;0;0;1;1;0
"Atlases";0;0;0;150;1;1;3;3;0;0;0;0;299;1;1;1;299;1;0;0;1;1;0
"Audio Reads";0;0;0;150;1;1;3;3;0;0;0;0;299;1;1;1;299;1;0;0;1;1;0
"Audio Reserved Memory";0;0;0;150;1;1;3;3;0;0;0;0;299;1;1;1;299;1;0;0;1;1;0
"Audio Used Memory";0;0;0;150;1;1;3;3;0;0;0;0;299;1;1;1;299;1;0;0;1;1;0
"AudioClip Count";0;0;0;150;1;1;3;3;0;0;0;0;299;1;1;1;299;1;0;0;1;1;0
"AudioClip Memory";0;0;0;150;1;1;3;3;0;0;0;0;299;1;1;1;299;1;0;0;1;1;0
"Awake Bodies";0;0;0;150;1;1;3;3;0;0;0;0;299;1;1;1;299;1;0;0;1;1;0
"Awake Shapes";0;0;0;150;1;1;3;3;0;0;0;0;299;1;1;1;299;1;0;0;1;1;0
"Broadphase Adds";0;0;0;150;1;1;3;4;0;0;0;0;337;1;1;2;299;1;0;0;1;1;0
"Broadphase Adds/Removes";0;0;0;150;1;1;3;4;0;0;0;0;337;1;1;2;299;1;0;0;1;1;0
"Broadphase Pairs";0;0;0;150;1;1;3;3;0;0;0;0;299;1;1;1;299;1;0;0;1;1;0
"Broadphase Removes";0;0;0;150;1;1;3;4;0;0;0;0;337;1;1;2;299;1;0;0;1;1;0
"Broadphase Updates";0;0;0;150;1;1;3;3;0;0;0;0;299;1;1;1;299;1;0;0;1;1;0
"Colliders Synced";0;0;0;150;1;1;3;4;0;0;0;0;337;1;1;2;299;1;0;0;1;1;0
"Collision Enter";0;0;0;150;1;1;3;3;0;0;0;0;299;1;1;1;299;1;0;0;1;1;0
"Collision Exit";0;0;0;150;1;1;3;3;0;0;0;0;299;1;1;1;299;1;0;0;1;1;0
"Collision Stay";0;0;0;150;1;1;3;3;0;0;0;0;299;1;1;1;299;1;0;0;1;1;0
"Continuous Bodies";0;0;0;150;1;1;3;3;0;0;0;0;299;1;1;1;299;1;0;0;1;1;0
"Continuous Overlaps";0;0;0;150;1;1;3;4;0;0;0;0;337;1;1;2;299;1;0;0;1;1;0
"CPU Main Thread Frame Time";0;0;0;150;1;1;3;3;0;0;0;0;299;1;1;1;299;1;0;0;1;1;0
"CPU Render Thread Frame Time";0;0;0;150;1;1;3;3;0;0;0;0;299;1;1;1;299;1;0;0;1;1;0
"CPU Total Frame Time";0;0;0;150;1;1;3;3;0;0;0;0;299;1;1;1;299;1;0;0;1;1;0
"Discreet Overlaps";0;0;0;150;1;1;3;4;0;0;0;0;337;1;1;2;299;1;0;0;1;1;0
"Discrete Bodies";0;0;0;150;1;1;3;3;0;0;0;0;299;1;1;1;299;1;0;0;1;1;0
"Dynamic Bodies";0;0;0;150;1;1;3;4;0;0;0;0;636;2;2;3;299;1;0;0;1;1;0
"Dynamic Shapes";0;0;0;150;1;1;3;3;0;0;0;0;299;1;1;1;299;1;0;0;1;1;0
"Entities Reads";0;0;0;150;1;1;3;3;0;0;0;0;299;1;1;1;299;1;0;0;1;1;0
"File Bytes Read";0;0;0;150;1;1;3;3;0;0;0;0;299;1;1;1;299;1;0;0;1;1;0
"File Bytes Written";0;0;0;150;1;1;3;3;0;0;0;0;299;1;1;1;299;1;0;0;1;1;0
"File Handles Open";0;0;0;150;1;1;3;3;0;0;0;0;299;1;1;1;299;1;0;0;1;1;0
"File Reads Finished";0;0;0;150;1;1;3;3;0;0;0;0;299;1;1;1;299;1;0;0;1;1;0
"File Reads Started";0;0;0;150;1;1;3;3;0;0;0;0;299;1;1;1;299;1;0;0;1;1;0
"File Seeks";0;0;0;150;1;1;3;3;0;0;0;0;299;1;1;1;299;1;0;0;1;1;0
"Files Closed";0;0;0;150;1;1;3;3;0;0;0;0;299;1;1;1;299;1;0;0;1;1;0
"Files Opened";0;0;0;150;1;1;3;3;0;0;0;0;299;1;1;1;299;1;0;0;1;1;0
"Game Object Count";0;0;0;150;1;1;3;3;0;0;0;0;299;1;1;1;299;1;0;0;1;1;0
"GC Allocated In Frame";0;0;0;150;1;1;3;3;0;0;0;0;299;1;1;1;299;1;0;0;1;1;0
"GC Allocation In Frame Count";0;0;0;150;1;1;3;3;0;0;0;0;299;1;1;1;299;1;0;0;1;1;0
"GC Reserved Memory";0;0;0;150;1;1;3;3;0;0;0;0;299;1;1;1;299;1;0;0;1;1;0
"GC Used Memory";0;0;0;150;1;1;3;3;0;0;0;0;299;1;1;1;299;1;0;0;1;1;0
"GetContacts Queries";0;0;0;150;1;1;3;3;0;0;0;0;299;1;1;1;299;1;0;0;1;1;0
"Gfx Reserved Memory";0;0;0;150;1;1;3;3;0;0;0;0;299;1;1;1;299;1;0;0;1;1;0
"Gfx Used Memory";0;0;0;150;1;1;3;3;0;0;0;0;299;1;1;1;299;1;0;0;1;1;0
"Global Illumination Support";0;0;0;150;1;1;3;3;0;0;0;0;299;1;1;1;299;1;0;0;1;1;0
"GPU Frame Time";0;0;0;150;1;1;3;3;0;0;0;0;299;1;1;1;299;1;0;0;1;1;0
"IsTouching Queries";0;0;0;150;1;1;3;3;0;0;0;0;299;1;1;1;299;1;0;0;1;1;0
"KickJobs";0;0;0;150;1;1;4;4;0;0;0;0;598;2;2;2;299;1;0;0;1;1;0
"Kinematic Bodies";0;0;0;150;1;1;3;3;0;0;0;0;299;1;1;1;299;1;0;0;1;1;0
"Kinematic Shapes";0;0;0;150;1;1;3;3;0;0;0;0;299;1;1;1;299;1;0;0;1;1;0
"Material Count";0;0;0;150;1;1;3;3;0;0;0;0;299;1;1;1;299;1;0;0;1;1;0
"Material Memory";0;0;0;150;1;1;3;3;0;0;0;0;299;1;1;1;299;1;0;0;1;1;0
"Max Cache Demand";0;0;0;150;1;1;3;3;0;0;0;0;299;1;1;1;299;1;0;0;1;1;0
"Max Cache Mip Bias";0;0;0;150;1;1;3;3;0;0;0;0;299;1;1;1;299;1;0;0;1;1;0
"Mesh Count";0;0;0;150;1;1;3;3;0;0;0;0;299;1;1;1;299;1;0;0;1;1;0
"Mesh Memory";0;0;0;150;1;1;3;3;0;0;0;0;299;1;1;1;299;1;0;0;1;1;0
"Mesh Reads";0;0;0;150;1;1;3;3;0;0;0;0;299;1;1;1;299;1;0;0;1;1;0
"Missing Disk Data";0;0;0;150;1;1;3;3;0;0;0;0;299;1;1;1;299;1;0;0;1;1;0
"Missing Streaming Tiles";0;0;0;150;1;1;3;3;0;0;0;0;299;1;1;1;299;1;0;0;1;1;0
"Modified Overlaps";0;0;0;150;1;1;3;4;0;0;0;0;337;1;1;2;299;1;0;0;1;1;0
"Narrowphase Lost Touches";0;0;0;150;1;1;3;4;0;0;0;0;337;1;1;2;299;1;0;0;1;1;0
"Narrowphase New Touches";0;0;0;150;1;1;3;4;0;0;0;0;337;1;1;2;299;1;0;0;1;1;0
"Narrowphase Touches";0;0;0;150;1;1;3;4;0;0;0;0;337;1;1;2;299;1;0;0;1;1;0
"Object Count";0;0;0;150;1;1;3;3;0;0;0;0;299;1;1;1;299;1;0;0;1;1;0
"Other Reads";0;0;0;150;1;1;3;3;0;0;0;0;299;1;1;1;299;1;0;0;1;1;0
"Overlap Queries";0;0;0;150;1;1;3;3;0;0;0;0;299;1;1;1;299;1;0;0;1;1;0
"Overlaps";0;0;0;150;1;1;3;4;0;0;0;0;337;1;1;2;299;1;0;0;1;1;0
"Particle Queries";0;0;0;150;1;1;3;3;0;0;0;0;299;1;1;1;299;1;0;0;1;1;0
"Physics Queries";0;0;0;150;1;1;3;4;0;0;0;0;337;1;1;2;299;1;0;0;1;1;0
"Physics Used Memory";0;0;0;150;1;1;3;4;0;0;0;0;337;1;1;2;299;1;0;0;1;1;0
"Physics Used Memory (2D)";0;0;0;150;1;1;3;3;0;0;0;0;299;1;1;1;299;1;0;0;1;1;0
"Profiler Reserved Memory";0;0;0;150;1;1;3;3;0;0;0;0;299;1;1;1;299;1;0;0;1;1;0
"Profiler Used Memory";0;0;0;150;1;1;3;3;0;0;0;0;299;1;1;1;299;1;0;0;1;1;0
"Raycast Queries";0;0;0;150;1;1;3;3;0;0;0;0;299;1;1;1;299;1;0;0;1;1;0
"Read From Disk";0;0;0;150;1;1;3;3;0;0;0;0;299;1;1;1;299;1;0;0;1;1;0
"Reads in Flight";0;0;0;150;1;1;3;3;0;0;0;0;299;1;1;1;299;1;0;0;1;1;0
"Removed Contacts";0;0;0;150;1;1;3;3;0;0;0;0;299;1;1;1;299;1;0;0;1;1;0
"Render Textures Bytes";0;0;0;150;1;1;3;3;0;0;0;0;299;1;1;1;299;1;0;0;1;1;0
"Render Textures Count";0;0;0;150;1;1;3;3;0;0;0;0;299;1;1;1;299;1;0;0;1;1;0
"Required Tiles";0;0;0;150;1;1;3;3;0;0;0;0;299;1;1;1;299;1;0;0;1;1;0
"Rigidbodies Synced";0;0;0;150;1;1;3;4;0;0;0;0;337;1;1;2;299;1;0;0;1;1;0
"Scene Object Count";0;0;0;150;1;1;3;3;0;0;0;0;299;1;1;1;299;1;0;0;1;1;0
"ScheduleJob";0;0;0;150;1;1;5;7;0;0;0;0;1655;6;5;6;299;1;0;0;1;1;0
"Scripting Reads";0;0;0;150;1;1;3;3;0;0;0;0;299;1;1;1;299;1;0;0;1;1;0
"Shapecast Queries";0;0;0;150;1;1;3;3;0;0;0;0;299;1;1;1;299;1;0;0;1;1;0
"Solver Continuous Islands";0;0;0;150;1;1;3;3;0;0;0;0;299;1;1;1;299;1;0;0;1;1;0
"Solver Discrete Islands";0;0;0;150;1;1;3;3;0;0;0;0;299;1;1;1;299;1;0;0;1;1;0
"Solver Simulation Count";0;0;0;150;1;1;3;3;0;0;0;0;299;1;1;1;299;1;0;0;1;1;0
"Solver World Count";0;0;0;150;1;1;3;3;0;0;0;0;299;1;1;1;299;1;0;0;1;1;0
"Static Bodies";0;0;0;150;1;1;3;3;0;0;0;0;299;1;1;1;299;1;0;0;1;1;0
"Static Colliders";0;0;0;150;1;1;3;4;0;0;0;0;337;1;1;2;299;1;0;0;1;1;0
"Static Shapes";0;0;0;150;1;1;3;3;0;0;0;0;299;1;1;1;299;1;0;0;1;1;0
"System Total Used Memory";0;0;0;150;1;1;3;3;0;0;0;0;299;1;1;1;299;1;0;0;1;1;0
"System Used Memory";0;0;0;150;1;1;3;3;0;0;0;0;299;1;1;1;299;1;0;0;1;1;0
"Texture Count";0;0;0;150;1;1;3;3;0;0;0;0;299;1;1;1;299;1;0;0;1;1;0
"Texture Memory";0;0;0;150;1;1;3;3;0;0;0;0;299;1;1;1;299;1;0;0;1;1;0
"Texture Reads";0;0;0;150;1;1;3;3;0;0;0;0;299;1;1;1;299;1;0;0;1;1;0
"Total Bodies";0;0;0;150;1;1;3;3;0;0;0;0;299;1;1;1;299;1;0;0;1;1;0
"Total Callbacks";0;0;0;150;1;1;3;3;0;0;0;0;299;1;1;1;299;1;0;0;1;1;0
"Total Contacts";0;0;0;150;1;1;3;3;0;0;0;0;299;1;1;1;299;1;0;0;1;1;0
"Total CPU Cache Size";0;0;0;150;1;1;3;3;0;0;0;0;299;1;1;1;299;1;0;0;1;1;0
"Total GPU Cache Size";0;0;0;150;1;1;3;3;0;0;0;0;299;1;1;1;299;1;0;0;1;1;0
"Total Joints";0;0;0;150;1;1;3;3;0;0;0;0;299;1;1;1;299;1;0;0;1;1;0
"Total Queries";0;0;0;150;1;1;3;3;0;0;0;0;299;1;1;1;299;1;0;0;1;1;0
"Total Reserved Memory";0;0;0;150;1;1;3;3;0;0;0;0;299;1;1;1;299;1;0;0;1;1;0
"Total Shapes";0;0;0;150;1;1;3;3;0;0;0;0;299;1;1;1;299;1;0;0;1;1;0
"Total Transform Sync Calls";0;0;0;150;1;1;3;3;0;0;0;0;299;1;1;1;299;1;0;0;1;1;0
"Total Used Memory";0;0;0;150;1;1;3;3;0;0;0;0;299;1;1;1;299;1;0;0;1;1;0
"Transform Parent Sync Bodies";0;0;0;150;1;1;3;3;0;0;0;0;299;1;1;1;299;1;0;0;1;1;0
"Transform Parent Sync Colliders";0;0;0;150;1;1;3;3;0;0;0;0;299;1;1;1;299;1;0;0;1;1;0
"Transform Sync Bodies";0;0;0;150;1;1;3;3;0;0;0;0;299;1;1;1;299;1;0;0;1;1;0
"Transform Sync Colliders";0;0;0;150;1;1;3;3;0;0;0;0;299;1;1;1;299;1;0;0;1;1;0
"Trigger Enter";0;0;0;150;1;1;3;3;0;0;0;0;299;1;1;1;299;1;0;0;1;1;0
"Trigger Exit";0;0;0;150;1;1;3;3;0;0;0;0;299;1;1;1;299;1;0;0;1;1;0
"Trigger Overlaps";0;0;0;150;1;1;3;4;0;0;0;0;375;1;1;3;299;1;0;0;1;1;0
"Trigger Stay";0;0;0;150;1;1;3;3;0;0;0;0;299;1;1;1;299;1;0;0;1;1;0
"Video Reserved Memory";0;0;0;150;1;1;3;3;0;0;0;0;299;1;1;1;299;1;0;0;1;1;0
"Video Used Memory";0;0;0;150;1;1;3;3;0;0;0;0;299;1;1;1;299;1;0;0;1;1;0
"Virtual Texture Reads";0;0;0;150;1;1;3;3;0;0;0;0;299;1;1;1;299;1;0;0;1;1;0
"WaitForCompleted";0;0;0;150;1;1;3;6;0;0;0;0;2691;9;9;9;299;1;0;0;1;1;0
"BeginJob";0;0;0;151;2;2;7;7;0;0;0;0;1198;4;1;9;282;2;0;0;2;2;0
"EndJob";0;0;0;151;2;2;7;7;0;0;0;0;1198;4;1;9;282;2;0;0;2;2;0
"PostLateUpdate.UpdateCaptureScreenshot";0;0;0.000167;271;1;168;2;2;0.00574999994569225;1.923077E-05;0;4.2E-05;299;1;1;1;299;1;0;0.000167;1;168;0
"ScheduleCullingGroups";0;0;0.0005;279;2;134;4;4;0.00887900002999231;2.969565E-05;0;4.2E-05;299;1;1;1;299;1;0;0.0005;2;134;4.2E-05
"CullingGroupSendEvents";0;0;4.2E-05;281;2;11;4;4;0.00562499993975507;1.881271E-05;0;4.2E-05;299;1;1;1;299;1;0;4.2E-05;2;11;4.2E-05
"PostLateUpdate.GUIClearEvents";0;0;0.000167;289;1;156;2;2;0.0066679999436019;2.2301E-05;0;4.2E-05;299;1;1;1;299;1;0;0.000167;1;156;4.2E-05
